first_name,last_name,email,birth_date,country
Pansie,Danelet,pdanelet0@wix.com,1998-07-24,Japan
Robbie,Pumphrey,rpumphrey1@aboutads.info,1955-04-09,Indonesia
Barbabas,Jarvis,bjarvis2@squidoo.com,2015-11-13,China
Avis,Rives,arives3@stanford.edu,1982-10-28,China
Arturo,Behning,abehning4@soup.io,1990-09-09,South Africa
Shara,Edgerton,sedgerton5@indiegogo.com,1961-06-23,Portugal
Jayme,Cardo,jcardo6@wisc.edu,1974-02-16,Canada
Helaina,Bothe,hbothe7@cbslocal.com,1969-02-17,Russia
Crissy,Carlisle,ccarlisle8@indiatimes.com,1994-12-21,Philippines
Galen,Joron,gjoron9@comsenz.com,1991-01-09,Thailand
Veronica,Callam,vcallama@elpais.com,1958-10-01,Vietnam
Lisbeth,Yurinov,lyurinovb@fema.gov,2016-01-22,Togo
Noah,Christol,nchristolc@cdc.gov,1974-05-12,Sweden
Fleming,Delmonti,fdelmontid@ocn.ne.jp,1965-04-16,Thailand
Egan,Buddington,ebuddingtone@mail.ru,2013-08-18,Russia
Harry,Scane,hscanef@wufoo.com,1988-04-28,Indonesia
Jeanelle,Tison,jtisong@cafepress.com,2015-01-31,Portugal
Martino,Meynell,mmeynellh@newyorker.com,1981-10-05,Russia
Merrie,Morales,mmoralesi@cafepress.com,1976-01-11,Malta
Adella,Perryn,aperrynj@geocities.jp,1982-08-22,Zimbabwe
Germaine,Johananoff,gjohananoffk@vistaprint.com,1979-10-17,Indonesia
Hyacintha,Wild,hwildl@kickstarter.com,1991-07-03,China
Brandy,O'Duilleain,boduilleainm@ezinearticles.com,1986-11-16,Netherlands
Melisa,Planque,mplanquen@hud.gov,1996-09-30,Philippines
Malcolm,Fitchet,mfitcheto@addtoany.com,2005-04-22,Tonga
Aldis,Phillipp,aphillippp@livejournal.com,2014-06-26,Lebanon
Esme,Fairlem,efairlemq@amazon.co.jp,2007-06-25,Colombia
Claudio,Matijevic,cmatijevicr@berkeley.edu,1979-07-25,Portugal
Carmina,Arndt,carndts@reddit.com,1978-04-30,Indonesia
Jayne,Chaplyn,jchaplynt@gizmodo.com,2003-11-21,Russia
Nyssa,Fritschel,nfritschelu@google.de,1985-08-09,Philippines
Alaster,Bedrosian,abedrosianv@myspace.com,1980-03-13,China
Marijo,Fincken,mfinckenw@geocities.jp,2012-12-21,Jordan
Cordula,Shakle,cshaklex@rakuten.co.jp,2019-04-09,Faroe Islands
Wallache,Gerok,wgeroky@ft.com,2017-06-17,Indonesia
Rudy,Rosgen,rrosgenz@arizona.edu,1966-02-27,Panama
Ced,Wennam,cwennam10@seattletimes.com,1989-01-23,Czech Republic
Helen-elizabeth,Mawer,hmawer11@washington.edu,1979-05-11,China
Jervis,August,jaugust12@miitbeian.gov.cn,1982-04-13,Ecuador
Noam,Hayford,nhayford13@jalbum.net,1989-01-07,Peru
Chandler,Spencer,cspencer14@gravatar.com,1964-07-20,Democratic Republic of the Congo
Jo-ann,Gencke,jgencke15@stumbleupon.com,1960-12-09,Russia
Nathalia,Engelmann,nengelmann16@wikipedia.org,1956-10-13,Greece
Emmey,Chick,echick17@chronoengine.com,1982-12-13,Portugal
Giorgio,Olensby,golensby18@macromedia.com,1974-07-19,Iran
Kessia,Wyeth,kwyeth19@wiley.com,2012-02-01,Russia
Burr,Pennicott,bpennicott1a@walmart.com,1960-05-28,Macedonia
Heidie,Sills,hsills1b@blog.com,1955-05-30,Macedonia
Adoree,Hamberstone,ahamberstone1c@wisc.edu,1959-08-07,France
Whitney,Cunah,wcunah1d@psu.edu,1990-02-26,Azerbaijan
Grethel,Grishanin,ggrishanin1e@ed.gov,1998-01-05,Indonesia
Paxton,Brealey,pbrealey1f@about.me,1955-06-19,Brazil
Fran,Swiffan,fswiffan1g@imageshack.us,1977-10-20,China
Corene,Inns,cinns1h@si.edu,1999-04-27,China
Shena,Walkden,swalkden1i@nymag.com,1985-05-20,China
Dorolisa,Duly,dduly1j@aol.com,2008-09-28,China
Mario,Linebarger,mlinebarger1k@springer.com,1999-03-04,Indonesia
Josy,Devons,jdevons1l@tamu.edu,1992-05-02,Brazil
Darin,Barbery,dbarbery1m@yandex.ru,2019-07-31,Saint Kitts and Nevis
Vonnie,Brandacci,vbrandacci1n@cbsnews.com,2014-06-07,China
Aguste,Glozman,aglozman1o@weebly.com,1962-06-19,China
Temp,Vasyunkin,tvasyunkin1p@geocities.com,1988-05-01,Russia
Lemmie,Riehm,lriehm1q@house.gov,2012-03-27,Estonia
Brigg,Croasdale,bcroasdale1r@ezinearticles.com,1966-08-24,Tanzania
Kirstin,Bampfield,kbampfield1s@ow.ly,1977-11-28,France
Tandy,Sapey,tsapey1t@mtv.com,2005-12-28,Netherlands
Stephie,Lomond,slomond1u@columbia.edu,1958-07-30,Russia
Prue,Walcar,pwalcar1v@histats.com,1981-04-04,Nigeria
Pancho,Skittreal,pskittreal1w@craigslist.org,2000-09-04,Philippines
Genevieve,Crennan,gcrennan1x@uiuc.edu,1969-08-14,Ethiopia
Tobey,Sterry,tsterry1y@merriam-webster.com,2007-10-05,Indonesia
Obidiah,Dankov,odankov1z@google.com.hk,1998-02-24,Indonesia
Teodoro,Gridley,tgridley20@biblegateway.com,1963-06-12,Russia
Ruttger,Turnor,rturnor21@multiply.com,1985-08-08,China
Merl,Ingon,mingon22@about.com,2004-08-29,Philippines
Jarad,Asprey,jasprey23@deviantart.com,1989-03-11,Russia
Thatcher,Lyburn,tlyburn24@youtu.be,1975-10-22,Brazil
Huberto,Gaspero,hgaspero25@baidu.com,1973-06-22,Japan
Gustie,Dismore,gdismore26@google.pl,2007-12-16,Indonesia
Ursala,Goering,ugoering27@deliciousdays.com,2008-07-01,Indonesia
Bordy,Whittall,bwhittall28@e-recht24.de,1957-11-09,Sweden
Ambrosi,Langlands,alanglands29@fotki.com,2012-05-11,Japan
Eda,Poat,epoat2a@spotify.com,1979-02-17,Indonesia
Jaclin,Lionel,jlionel2b@wikimedia.org,1990-08-21,Portugal
Gilles,Schust,gschust2c@answers.com,1998-01-10,Brazil
Luca,Candy,lcandy2d@yelp.com,1972-08-21,China
Minna,Delve,mdelve2e@ask.com,2006-03-27,Russia
Margette,Hardson,mhardson2f@omniture.com,2018-06-13,France
Dulcine,Durand,ddurand2g@360.cn,2006-07-11,Honduras
Batsheva,Van der Kruijs,bvanderkruijs2h@mediafire.com,1968-12-19,China
Giacopo,Pudden,gpudden2i@blogger.com,1955-02-16,Philippines
Danny,Ritter,dritter2j@amazonaws.com,1979-02-13,Indonesia
Florence,Crisell,fcrisell2k@accuweather.com,1975-07-10,Poland
Xena,Smithies,xsmithies2l@reference.com,1970-09-11,Indonesia
Pier,Krol,pkrol2m@arstechnica.com,1988-07-07,United States
Valeda,Tubridy,vtubridy2n@stanford.edu,1960-01-30,Philippines
Owen,Siderfin,osiderfin2o@princeton.edu,1985-11-16,China
Fawnia,Burney,fburney2p@goo.gl,1969-09-10,Greece
Ferdinanda,Woollam,fwoollam2q@opensource.org,1968-02-11,Japan
Errick,Jeckell,ejeckell2r@yellowbook.com,1986-08-04,Argentina
Preston,Martellini,pmartellini2s@oaic.gov.au,1999-01-10,Philippines
Bancroft,Bellwood,bbellwood2t@cornell.edu,1982-03-19,Poland
Felita,Jarritt,fjarritt2u@noaa.gov,2003-01-23,Sweden
Angelica,Strathe,astrathe2v@scribd.com,1990-11-19,Bulgaria
Onida,Matyas,omatyas2w@samsung.com,1967-06-10,Poland
Corry,Rosenstiel,crosenstiel2x@reuters.com,1976-09-17,China
Crissy,de Clercq,cdeclercq2y@shinystat.com,1990-07-28,Nigeria
Zaria,MacNamee,zmacnamee2z@eepurl.com,2001-04-21,Palestinian Territory
Kary,Effaunt,keffaunt30@toplist.cz,1986-01-23,South Africa
Netty,Cockerham,ncockerham31@hugedomains.com,1966-11-18,Montenegro
Rogerio,Chrishop,rchrishop32@scribd.com,2016-03-04,China
Anallise,Van Leijs,avanleijs33@ebay.co.uk,1981-01-05,China
Harriette,Culleton,hculleton34@imgur.com,2006-03-23,Kenya
Filberto,Creggan,fcreggan35@gmpg.org,1984-03-17,France
Gasparo,MacCook,gmaccook36@clickbank.net,2013-10-18,Philippines
Lola,Howsin,lhowsin37@tmall.com,1972-12-22,Philippines
Dwayne,Chetter,dchetter38@aboutads.info,1976-01-03,China
Tiena,Thewys,tthewys39@youku.com,2001-01-04,Indonesia
Hagen,Boobier,hboobier3a@ted.com,1997-05-13,Ukraine
Peter,Tappington,ptappington3b@cmu.edu,1964-04-25,Peru
Eyde,Norway,enorway3c@netscape.com,2011-11-20,Indonesia
Fair,Mundell,fmundell3d@ca.gov,1972-06-05,Brazil
Zechariah,Andrzejewski,zandrzejewski3e@whitehouse.gov,1995-02-21,Burkina Faso
Ring,Pressnell,rpressnell3f@squarespace.com,1973-11-13,Argentina
Butch,Seiter,bseiter3g@china.com.cn,2019-01-03,Indonesia
Kailey,Gouge,kgouge3h@51.la,2010-02-13,France
Lorettalorna,Heyfield,lheyfield3i@bloglovin.com,2013-01-13,France
Wye,Langdridge,wlangdridge3j@t-online.de,1960-08-09,Ukraine
Esteban,Linneman,elinneman3k@yandex.ru,1985-01-01,Mexico
Johnathon,Frostdicke,jfrostdicke3l@reference.com,1985-06-28,Mongolia
Theodosia,Paley,tpaley3m@lulu.com,2012-12-25,Indonesia
Jsandye,Vogeller,jvogeller3n@furl.net,2001-06-18,China
Kaitlynn,Clayfield,kclayfield3o@com.com,1981-02-09,Brazil
Elnora,Stollsteimer,estollsteimer3p@wp.com,1980-08-21,China
Florette,Datte,fdatte3q@go.com,1968-09-05,Portugal
Nanni,Sheara,nsheara3r@ihg.com,1959-11-07,China
Aldon,Silcocks,asilcocks3s@va.gov,1995-07-17,Poland
Hadria,Ca,hca3t@acquirethisname.com,1973-06-08,China
Lillian,Stelfax,lstelfax3u@yolasite.com,2009-04-14,France
Lewie,Privett,lprivett3v@oaic.gov.au,1998-11-09,Philippines
Hannie,South,hsouth3w@histats.com,1969-06-23,Russia
Emerson,Currington,ecurrington3x@dmoz.org,2000-01-12,Egypt
Theresita,Annwyl,tannwyl3y@quantcast.com,1959-07-28,Mongolia
Garey,Norwell,gnorwell3z@mashable.com,1961-08-23,Chad
Amabelle,Corley,acorley40@goodreads.com,2000-12-15,Argentina
Velma,Maskelyne,vmaskelyne41@sciencedaily.com,1998-12-19,France
Florry,Wooton,fwooton42@blogtalkradio.com,1986-05-08,United States
Agnesse,Dewdeny,adewdeny43@slashdot.org,2012-05-30,Thailand
Rabbi,Whalley,rwhalley44@prweb.com,1981-07-19,Armenia
Mikel,Whoston,mwhoston45@auda.org.au,1989-09-22,South Korea
Chris,Atthowe,catthowe46@php.net,2011-09-09,Albania
Zed,Precious,zprecious47@cam.ac.uk,1996-06-04,Argentina
Bartolemo,Fosberry,bfosberry48@printfriendly.com,1986-03-16,Serbia
Darbie,Herity,dherity49@friendfeed.com,2018-05-20,Denmark
Aliza,Plumley,aplumley4a@deviantart.com,2008-01-13,Indonesia
Tamarra,Harden,tharden4b@behance.net,1993-01-13,Burkina Faso
Ula,Wimp,uwimp4c@google.nl,1978-07-28,Poland
Merrill,Critchell,mcritchell4d@ted.com,2017-01-01,Tunisia
Waylen,Newbury,wnewbury4e@hubpages.com,1967-11-06,Azerbaijan
Nita,Kollaschek,nkollaschek4f@wp.com,2007-06-20,Panama
Bartie,Wychard,bwychard4g@seattletimes.com,1989-07-26,Russia
Lorna,Jasik,ljasik4h@cnn.com,2016-05-26,Greece
Malachi,Peckham,mpeckham4i@webmd.com,1973-07-20,Cyprus
Bonnee,Mushawe,bmushawe4j@discuz.net,1990-01-09,Argentina
Reinaldo,Marjot,rmarjot4k@ehow.com,1968-05-26,Palestinian Territory
Bron,Winckle,bwinckle4l@jugem.jp,2015-06-02,South Africa
Angelique,Lesslie,alesslie4m@list-manage.com,1956-01-28,China
Thatch,Featley,tfeatley4n@epa.gov,1996-09-28,Thailand
Brendan,Ginn,bginn4o@wp.com,1977-05-24,China
Wain,Stathor,wstathor4p@latimes.com,1994-06-15,Comoros
Rania,Pasquale,rpasquale4q@csmonitor.com,1967-07-14,Brazil
Kelsy,Climie,kclimie4r@furl.net,1988-08-08,South Africa
Son,Renihan,srenihan4s@tmall.com,1968-08-12,Philippines
Enos,Walework,ewalework4t@independent.co.uk,1968-04-29,China
Smitty,Seviour,sseviour4u@alexa.com,1955-12-11,Russia
Dore,Odlin,dodlin4v@over-blog.com,1993-05-19,Indonesia
Monro,Parres,mparres4w@behance.net,1998-04-06,Russia
Laryssa,Dufour,ldufour4x@amazon.de,1966-08-10,Russia
Olympia,Kleiser,okleiser4y@slate.com,1961-03-20,Indonesia
Roxi,Whitworth,rwhitworth4z@npr.org,2003-08-20,Philippines
Merrill,Boden,mboden50@yale.edu,2009-07-01,Russia
Ame,Kidsley,akidsley51@xing.com,1980-04-15,Indonesia
Marylinda,Wincott,mwincott52@nbcnews.com,1976-02-23,South Africa
Elnore,Diviny,ediviny53@reference.com,1996-11-13,Ivory Coast
Cosimo,Boissieux,cboissieux54@princeton.edu,2003-08-20,France
Farrel,Neeves,fneeves55@hao123.com,1981-02-18,New Caledonia
Alysia,Stanworth,astanworth56@tinyurl.com,1998-11-11,China
Rosene,Overthrow,roverthrow57@army.mil,1996-04-10,China
Lainey,Dugget,ldugget58@youku.com,2005-06-05,Poland
Prentiss,Hassall,phassall59@bloglines.com,1998-09-21,Iran
Joleen,Fossick,jfossick5a@prlog.org,1974-12-22,Portugal
Abie,Licence,alicence5b@com.com,2019-03-04,Poland
Iain,Rennebeck,irennebeck5c@ox.ac.uk,2014-11-26,Mali
Jessalin,Dyos,jdyos5d@wunderground.com,1980-06-03,Russia
Hirsch,Bengal,hbengal5e@weebly.com,1999-01-01,Italy
Gerek,Padkin,gpadkin5f@craigslist.org,1999-09-02,Nigeria
Sheri,Flohard,sflohard5g@google.es,1996-09-29,Thailand
Christos,Hane,chane5h@dmoz.org,1989-04-27,Sweden
Nerissa,Kayes,nkayes5i@salon.com,1959-09-28,China
Delinda,Kiddie,dkiddie5j@nature.com,1971-04-24,Indonesia
Karoly,Korpolak,kkorpolak5k@ebay.co.uk,2000-11-02,Croatia
Winne,Lettson,wlettson5l@shinystat.com,2010-10-29,Ukraine
Brynna,Woodlands,bwoodlands5m@dmoz.org,2008-07-04,Czech Republic
Madelaine,Le Surf,mlesurf5n@fda.gov,2013-12-03,China
Cedric,Deane,cdeane5o@go.com,1985-10-25,Portugal
Osbert,Skoyles,oskoyles5p@google.com,1964-08-12,Kenya
Bruno,Johnson,bjohnson5q@hubpages.com,2002-09-22,China
Daniele,MacMeekan,dmacmeekan5r@ehow.com,1960-11-02,Malaysia
Leila,Denington,ldenington5s@clickbank.net,1978-12-05,China
Rosella,Cage,rcage5t@netvibes.com,1974-11-30,Sweden
Constanta,Greder,cgreder5u@dedecms.com,1960-12-02,Belarus
Waldon,Scardifeild,wscardifeild5v@narod.ru,1998-09-08,China
Moyna,Fehner,mfehner5w@marriott.com,1981-09-14,Niger
Franky,Shellshear,fshellshear5x@ning.com,1956-11-10,China
Rodrigo,Duesberry,rduesberry5y@pinterest.com,1984-06-21,China
Cherilynn,Dany,cdany5z@sciencedirect.com,2002-11-01,Indonesia
Robert,Schonfeld,rschonfeld60@toplist.cz,1960-09-10,Indonesia
Virgie,Rettie,vrettie61@dagondesign.com,2015-10-09,United States
Erinn,Goom,egoom62@github.io,1975-08-20,Kenya
Jacinthe,Nozzolinii,jnozzolinii63@instagram.com,1995-10-01,China
Sherrie,Dovermann,sdovermann64@ask.com,1971-04-06,Indonesia
Araldo,Slyford,aslyford65@indiatimes.com,2005-11-18,Cuba
Weider,McTeggart,wmcteggart66@mashable.com,1990-07-17,Sweden
Dasie,Cridge,dcridge67@washingtonpost.com,1985-01-28,Venezuela
Alleyn,Gowar,agowar68@jiathis.com,1961-08-05,China
Karita,Manass,kmanass69@etsy.com,1958-10-11,Finland
Jocko,Gridon,jgridon6a@seesaa.net,1963-12-29,Guatemala
Elmo,Magarrell,emagarrell6b@thetimes.co.uk,1970-07-14,Colombia
Joannes,Braam,jbraam6c@wikimedia.org,1958-08-17,China
Levi,Gander,lgander6d@yandex.ru,1983-03-29,China
Carly,De Giorgi,cdegiorgi6e@surveymonkey.com,1975-10-19,Indonesia
Gard,Duferie,gduferie6f@cmu.edu,1966-06-08,South Africa
Morse,Margery,mmargery6g@accuweather.com,1973-11-01,Indonesia
Marius,Dobrovolny,mdobrovolny6h@cam.ac.uk,1968-07-29,Indonesia
Lonnie,Schrieves,lschrieves6i@canalblog.com,1966-04-18,China
Stewart,Braidley,sbraidley6j@photobucket.com,1962-04-15,Philippines
Killian,McCromley,kmccromley6k@liveinternet.ru,2009-08-25,Czech Republic
Ophelia,Bavin,obavin6l@soup.io,1996-04-27,Guatemala
Frieda,Joontjes,fjoontjes6m@paginegialle.it,1972-10-11,China
Xaviera,Pashe,xpashe6n@youku.com,1996-07-30,Gambia
Eartha,Petkovic,epetkovic6o@jiathis.com,1965-11-10,Ivory Coast
Manny,Pusill,mpusill6p@smh.com.au,1969-08-08,Thailand
Meggie,Herrero,mherrero6q@xinhuanet.com,1967-04-14,Sweden
Diego,McKeachie,dmckeachie6r@gravatar.com,1962-10-11,Canada
Jilly,Gaine of England,jgaineofengland6s@chronoengine.com,2001-05-10,Greece
Natka,Sworder,nsworder6t@flickr.com,2011-05-26,Czech Republic
Annora,Ierland,aierland6u@mayoclinic.com,2013-08-11,Brazil
Wittie,Dunkerton,wdunkerton6v@artisteer.com,1956-07-31,Kazakhstan
Ambrosius,Woolpert,awoolpert6w@51.la,1996-10-25,Poland
Giacopo,Gainor,ggainor6x@howstuffworks.com,1961-06-01,Indonesia
Amata,Parrington,aparrington6y@ftc.gov,2008-11-15,Philippines
Niccolo,Ashtonhurst,nashtonhurst6z@myspace.com,1985-03-30,China
Jimmy,Dei,jdei70@trellian.com,1987-06-07,Netherlands
Melvin,Snowding,msnowding71@bloglines.com,1990-09-26,France
Loydie,Van Der Weedenburg,lvanderweedenburg72@bigcartel.com,1995-11-28,Indonesia
Vernon,Coltart,vcoltart73@reference.com,1973-01-20,China
Charlotte,Lambrechts,clambrechts74@seesaa.net,2001-05-17,China
Lenard,Querree,lquerree75@salon.com,1997-11-26,France
Bartlett,McAline,bmcaline76@photobucket.com,1962-10-30,China
Monti,Jaycock,mjaycock77@posterous.com,1970-05-03,China
Salomon,Loxley,sloxley78@altervista.org,1962-07-29,Argentina
Elysha,Revan,erevan79@google.cn,1969-09-14,Honduras
Sherill,Ivakhin,sivakhin7a@netlog.com,1995-11-20,Brazil
Brandy,Newcom,bnewcom7b@gizmodo.com,1997-04-16,China
Dory,McMychem,dmcmychem7c@ibm.com,1980-04-13,Greece
Christian,Hannent,channent7d@google.es,1979-06-25,Russia
Zoe,Dewes,zdewes7e@wiley.com,2006-08-21,China
Melloney,Keward,mkeward7f@buzzfeed.com,1997-07-03,China
Harri,deKnevet,hdeknevet7g@vkontakte.ru,1994-06-06,Indonesia
Cassandry,O'dell,codell7h@networksolutions.com,1958-05-04,Indonesia
Rooney,Lyal,rlyal7i@blogspot.com,1976-11-07,Thailand
Kacie,Srawley,ksrawley7j@indiegogo.com,1997-11-21,Sweden
Towney,Cissell,tcissell7k@sitemeter.com,1999-11-01,Austria
Guthrie,Clemens,gclemens7l@pen.io,1993-11-11,Niger
Celinka,Inns,cinns7m@dailymail.co.uk,2004-01-15,Canada
Thadeus,Grzeszczak,tgrzeszczak7n@ow.ly,1970-02-20,Philippines
Madel,Elderidge,melderidge7o@amazon.co.jp,2010-07-12,China
Worth,Spellesy,wspellesy7p@vkontakte.ru,1985-07-10,France
Maison,Gotcliff,mgotcliff7q@latimes.com,1999-05-26,United States
Jenna,Thulborn,jthulborn7r@disqus.com,1971-12-20,Malaysia
Rudyard,Breffitt,rbreffitt7s@ed.gov,2019-04-07,Russia
Cyndie,Concannon,cconcannon7t@devhub.com,1967-07-22,China
Quill,Chance,qchance7u@sina.com.cn,1967-11-23,Finland
Goldy,Nisen,gnisen7v@amazon.com,2002-12-21,China
Arie,Asling,aasling7w@narod.ru,1992-02-11,Czech Republic
Jo ann,Kleynermans,jkleynermans7x@facebook.com,2011-02-12,China
Blondell,Fernihough,bfernihough7y@timesonline.co.uk,1962-01-03,Greece
Lancelot,Aleksidze,laleksidze7z@mapquest.com,1964-02-28,Russia
Chris,Bithany,cbithany80@altervista.org,1999-02-06,Indonesia
Anatola,Schriren,aschriren81@elegantthemes.com,1995-11-13,Pakistan
Raphaela,Key,rkey82@over-blog.com,1991-06-25,Portugal
Arri,MacDavitt,amacdavitt83@angelfire.com,1992-04-11,Peru
Shelton,Attenburrow,sattenburrow84@indiegogo.com,1971-09-25,China
Annalise,Giovanazzi,agiovanazzi85@multiply.com,2003-03-26,Indonesia
Laurena,Ovey,lovey86@senate.gov,1982-10-24,Ukraine
Tadeas,Uttermare,tuttermare87@thetimes.co.uk,1985-11-14,China
Chiquita,Girvan,cgirvan88@noaa.gov,1966-06-03,Indonesia
Jobi,Manilow,jmanilow89@whitehouse.gov,2008-09-23,Indonesia
Loraine,Freak,lfreak8a@sina.com.cn,1991-01-13,Belarus
Marietta,Domegan,mdomegan8b@alibaba.com,1974-06-06,Japan
Jamima,Stainland,jstainland8c@hc360.com,1987-07-09,Portugal
Missie,Siddon,msiddon8d@samsung.com,2006-07-12,China
Heywood,Stranieri,hstranieri8e@istockphoto.com,1992-02-08,China
Rockey,Harlock,rharlock8f@salon.com,1967-05-28,Kazakhstan
Janelle,Axcel,jaxcel8g@ask.com,1959-07-29,Thailand
Cathie,Bent,cbent8h@forbes.com,1999-10-12,Indonesia
Findlay,Kille,fkille8i@moonfruit.com,1975-02-26,Indonesia
Adelle,Kumar,akumar8j@feedburner.com,2000-03-31,China
Dolley,Vials,dvials8k@wix.com,1958-11-23,Poland
Alie,Dongate,adongate8l@netscape.com,1958-04-15,Democratic Republic of the Congo
Leonidas,Freyn,lfreyn8m@mtv.com,1977-08-03,South Africa
Kennedy,Gonnard,kgonnard8n@patch.com,1983-09-16,China
Burnaby,Wasiel,bwasiel8o@nps.gov,1990-12-30,France
Janetta,Dimont,jdimont8p@cam.ac.uk,1965-08-23,Sweden
Harman,Crosham,hcrosham8q@ucsd.edu,1998-03-03,Indonesia
Bobbi,Benediktsson,bbenediktsson8r@ucsd.edu,1967-07-09,Finland
Arliene,Tythacott,atythacott8s@pinterest.com,2016-10-08,China
Timothea,Mix,tmix8t@washingtonpost.com,1982-08-20,Indonesia
Tabb,Silveston,tsilveston8u@prnewswire.com,1971-07-11,China
Darcey,Vicent,dvicent8v@archive.org,1957-01-01,China
Locke,Elcoate,lelcoate8w@dagondesign.com,1983-06-06,Brazil
Karlee,Tythe,ktythe8x@redcross.org,2012-11-09,China
Zacharie,Walkey,zwalkey8y@newsvine.com,1995-11-29,Brazil
Vina,Galego,vgalego8z@mozilla.org,2005-12-07,Russia
Marsh,Moffat,mmoffat90@si.edu,2017-12-21,Lebanon
Willi,Olfert,wolfert91@bloglines.com,1984-04-28,China
Terrie,Herrero,therrero92@un.org,2002-04-16,Indonesia
Rhetta,Brownsea,rbrownsea93@bravesites.com,2003-11-05,Brazil
Trix,Stonelake,tstonelake94@kickstarter.com,1994-09-05,Nepal
Cassius,Scruby,cscruby95@de.vu,1999-01-16,Philippines
Buddy,Lucian,blucian96@shutterfly.com,1984-03-03,Kosovo
Verge,Huard,vhuard97@craigslist.org,1993-05-20,Malta
Sinclare,Posner,sposner98@theguardian.com,1995-09-16,Sierra Leone
Yank,Wegman,ywegman99@is.gd,1996-11-08,China
Ambrosio,Aphale,aaphale9a@meetup.com,1989-02-17,Russia
Jed,Glasner,jglasner9b@mlb.com,1988-07-16,Brazil
Max,Margett,mmargett9c@histats.com,1992-10-25,Panama
Shir,Lapre,slapre9d@cornell.edu,2018-08-20,Nigeria
Edan,Brixey,ebrixey9e@japanpost.jp,1985-07-10,Peru
Geoff,O'Heneghan,goheneghan9f@eepurl.com,1958-12-30,Poland
Xavier,Osan,xosan9g@ucla.edu,1989-03-19,Macedonia
Parnell,Lafaye,plafaye9h@ustream.tv,2016-11-04,Argentina
Meryl,Boatright,mboatright9i@nymag.com,2010-01-25,Peru
Barny,Edwinson,bedwinson9j@netvibes.com,1987-12-16,Slovenia
Urbanus,Gregon,ugregon9k@oracle.com,1981-01-06,Philippines
Philippe,Paolotto,ppaolotto9l@google.com.au,1975-06-05,Greece
Lucias,Rosingdall,lrosingdall9m@oracle.com,1994-02-18,Indonesia
Annie,Mussared,amussared9n@tripadvisor.com,2005-07-11,Indonesia
Link,Cockren,lcockren9o@dailymail.co.uk,2009-05-22,Indonesia
Gabrila,Stanyforth,gstanyforth9p@i2i.jp,1955-08-11,United States
Wadsworth,Stille,wstille9q@barnesandnoble.com,2007-09-09,Portugal
Charis,Dowda,cdowda9r@comsenz.com,1967-05-29,United States
Allen,Bontine,abontine9s@surveymonkey.com,1972-01-23,China
Morrie,Merigon,mmerigon9t@narod.ru,1999-01-21,Ukraine
Dierdre,Lorrie,dlorrie9u@taobao.com,1955-04-08,China
Valida,Ferrara,vferrara9v@earthlink.net,2000-01-15,Indonesia
Jervis,Corpe,jcorpe9w@blinklist.com,2002-12-22,Peru
Blair,Pickvance,bpickvance9x@deviantart.com,1966-10-23,China
Terry,Prattin,tprattin9y@hud.gov,2006-03-09,Ukraine
Ingar,Harrad,iharrad9z@xing.com,1968-08-09,Sweden
Maris,Vallender,mvallendera0@sitemeter.com,1961-06-01,Japan
Eula,Scollick,escollicka1@wix.com,1967-09-18,China
Justin,MacKnight,jmacknighta2@europa.eu,2014-06-30,Trinidad and Tobago
Corabella,Bortol,cbortola3@360.cn,1959-02-11,Portugal
Camila,Allans,callansa4@microsoft.com,1972-04-15,United States
Mirella,Brind,mbrinda5@rediff.com,2008-03-08,Russia
Karie,Eves,kevesa6@storify.com,1992-07-17,China
Tiebout,Cottee,tcotteea7@nba.com,2009-02-16,Slovenia
Addi,Ridgewell,aridgewella8@amazon.com,1963-06-23,China
Carmel,Benoix,cbenoixa9@fc2.com,1992-12-07,Netherlands
Trenton,MacCaffery,tmaccafferyaa@businesswire.com,1994-01-16,China
Livvyy,McHardy,lmchardyab@etsy.com,1976-01-18,China
Dino,Livingston,dlivingstonac@amazon.de,1955-02-09,China
Stefan,Pilley,spilleyad@nature.com,2003-02-10,Peru
Claudianus,O'Calleran,cocalleranae@blogtalkradio.com,1957-05-07,China
Farleigh,Gell,fgellaf@wordpress.com,2003-07-19,Indonesia
Ring,Hatwell,rhatwellag@ed.gov,2012-12-01,Portugal
Tiphany,Norcliff,tnorcliffah@senate.gov,1993-10-29,China
Stavros,Cankett,scankettai@ask.com,2003-01-26,China
Forbes,Spellesy,fspellesyaj@oracle.com,2013-06-01,Norway
Coral,Smallman,csmallmanak@techcrunch.com,1972-12-04,China
Lanna,Benedetti,lbenedettial@yellowpages.com,1970-05-26,China
Ailsun,Allner,aallneram@yale.edu,1986-09-04,China
Griz,Gruszecki,ggruszeckian@theglobeandmail.com,1958-09-09,China
Gus,Hargroves,ghargrovesao@unicef.org,2017-02-05,Thailand
Romain,Shelborne,rshelborneap@seesaa.net,2016-06-26,Russia
Darnell,Funcheon,dfuncheonaq@engadget.com,1970-06-09,Argentina
Nata,McMichael,nmcmichaelar@deviantart.com,2013-04-20,Philippines
Elfie,Whate,ewhateas@slideshare.net,1968-03-29,Bulgaria
Archaimbaud,Philipps,aphilippsat@nationalgeographic.com,2019-03-16,Poland
Lisha,Miner,lminerau@cafepress.com,2018-10-30,Indonesia
Vinny,Castelli,vcastelliav@networksolutions.com,2019-07-13,Russia
Bab,Karslake,bkarslakeaw@va.gov,2011-03-30,Thailand
Darell,Craigs,dcraigsax@ucsd.edu,1981-11-07,Colombia
Garold,Zottoli,gzottoliay@cnbc.com,2003-10-21,Greece
Sherline,Piaggia,spiaggiaaz@exblog.jp,1987-05-10,China
Lily,Rawle,lrawleb0@sourceforge.net,1999-04-07,Colombia
Suzie,Jennrich,sjennrichb1@msu.edu,2015-06-25,Ireland
Otto,Tillyer,otillyerb2@statcounter.com,2015-09-22,Kazakhstan
Patty,Brockton,pbrocktonb3@addtoany.com,1972-08-21,United States
Rozina,Bissell,rbissellb4@google.com,1970-04-10,Malaysia
Roxana,Hissett,rhissettb5@miitbeian.gov.cn,2017-02-07,Russia
Belinda,Erangy,berangyb6@elpais.com,2014-12-14,Denmark
Reagan,Schollick,rschollickb7@booking.com,1978-09-15,Iran
Pooh,Rosenvasser,prosenvasserb8@google.cn,1991-11-18,United Kingdom
Nalani,Sonschein,nsonscheinb9@nbcnews.com,1959-08-14,Canada
Darci,McKiernan,dmckiernanba@stumbleupon.com,1965-12-01,China
Daren,Earingey,dearingeybb@symantec.com,1956-07-21,Indonesia
Katy,Westfalen,kwestfalenbc@kickstarter.com,1974-07-26,United States
Susette,Tremoille,stremoillebd@icq.com,1957-07-21,Kazakhstan
Consuela,Khomich,ckhomichbe@exblog.jp,1979-04-18,China
Yurik,Courtman,ycourtmanbf@google.es,1993-04-06,Russia
Martainn,Paddingdon,mpaddingdonbg@sbwire.com,2013-09-30,Mexico
Maible,Peagrim,mpeagrimbh@china.com.cn,2004-05-27,China
Eldin,Kayes,ekayesbi@ezinearticles.com,2012-05-18,Japan
Valentino,Townrow,vtownrowbj@slashdot.org,1997-09-07,Brazil
Lyndsie,Stanlack,lstanlackbk@fema.gov,2005-08-18,Philippines
Nesta,Ruthven,nruthvenbl@creativecommons.org,2017-04-24,Sweden
Kamilah,Chazotte,kchazottebm@odnoklassniki.ru,2008-06-29,Indonesia
Ayn,Shurmer,ashurmerbn@godaddy.com,1991-05-04,Peru
Errol,McPhelimey,emcphelimeybo@arizona.edu,1957-03-22,Philippines
Shelley,Tootal,stootalbp@nyu.edu,1956-07-21,Egypt
Ali,Hogbourne,ahogbournebq@japanpost.jp,2016-02-18,Czech Republic
Alissa,Colborn,acolbornbr@shutterfly.com,1980-04-08,France
Kennedy,Warlock,kwarlockbs@guardian.co.uk,1993-04-15,Indonesia
Ermentrude,Bradneck,ebradneckbt@cnn.com,2012-04-14,Greece
Danita,Scare,dscarebu@google.co.uk,2004-11-15,France
Andriana,Crewdson,acrewdsonbv@seattletimes.com,1994-11-04,Czech Republic
Fonz,Pipes,fpipesbw@theatlantic.com,2006-07-08,China
Shirleen,Goodenough,sgoodenoughbx@slashdot.org,1997-03-27,China
Normand,Trustrie,ntrustrieby@yellowpages.com,1979-12-28,Philippines
Claiborn,Cockerham,ccockerhambz@trellian.com,2005-05-29,Indonesia
Meridel,Chopy,mchopyc0@noaa.gov,2002-04-30,Ukraine
Bret,Madigan,bmadiganc1@ibm.com,1988-07-26,Philippines
Jacinta,Vellacott,jvellacottc2@slashdot.org,1995-08-17,China
Nancee,Oldershaw,noldershawc3@slashdot.org,1985-07-31,Philippines
Debera,Pechan,dpechanc4@surveymonkey.com,1968-06-29,Canada
Sadie,Labadini,slabadinic5@csmonitor.com,1993-02-28,Portugal
Neile,Birtchnell,nbirtchnellc6@moonfruit.com,2004-05-31,Greece
Rodi,Francesc,rfrancescc7@hp.com,1991-01-15,Russia
Claudio,Spaducci,cspaduccic8@economist.com,1991-11-30,Philippines
Karon,Murtagh,kmurtaghc9@cbsnews.com,2003-10-19,Argentina
Gasparo,Flippen,gflippenca@sun.com,2007-07-11,Russia
Regine,Latan,rlatancb@yellowpages.com,1972-08-12,Portugal
Kathe,McKirton,kmckirtoncc@geocities.jp,1984-01-16,Armenia
Rayner,Pennycook,rpennycookcd@fema.gov,1982-01-26,China
Paxon,Ales0,palesce@dailymotion.com,2017-10-16,China
Agatha,McGloin,amcgloincf@examiner.com,1986-11-23,Philippines
Edsel,Stainton,estaintoncg@sitemeter.com,1967-05-14,Ukraine
Lucias,Fashion,lfashionch@hp.com,1997-12-29,Bosnia and Herzegovina
Dani,Briddock,dbriddockci@lulu.com,1973-07-17,Indonesia
Clemmy,Hradsky,chradskycj@toplist.cz,1993-10-27,Portugal
Culley,Rubes,crubesck@naver.com,2017-07-28,Russia
Ambrosi,Rollo,arollocl@craigslist.org,1976-02-20,Brazil
Susanna,Twycross,stwycrosscm@ezinearticles.com,2006-02-14,Indonesia
Karia,Macken,kmackencn@forbes.com,1962-06-10,Brazil
Juditha,Danne,jdanneco@marketwatch.com,1964-09-01,Mexico
Taite,Milius,tmiliuscp@yellowpages.com,2005-01-19,Sri Lanka
Troy,Pottiphar,tpottipharcq@home.pl,1974-01-22,Somalia
Myrle,Hairyes,mhairyescr@gnu.org,2000-01-03,China
Duff,Jiri,djirics@ox.ac.uk,2001-09-24,Portugal
Zora,Doles,zdolesct@blog.com,1960-03-08,Indonesia
Jehu,Chicken,jchickencu@economist.com,1959-09-04,Nepal
Lombard,Gorler,lgorlercv@fc2.com,1970-12-05,Eritrea
Cecilia,Bulfoot,cbulfootcw@woothemes.com,1962-05-22,Greece
Fonsie,Schwand,fschwandcx@washingtonpost.com,2008-11-10,Indonesia
Roslyn,Palmby,rpalmbycy@cargocollective.com,2012-02-23,Indonesia
Atalanta,Hathwood,ahathwoodcz@flickr.com,1979-07-02,Indonesia
Bette,Vyvyan,bvyvyand0@marketwatch.com,1974-04-24,Canada
Blinnie,Kill,bkilld1@washingtonpost.com,2013-09-17,Indonesia
Konstantine,McWhan,kmcwhand2@ask.com,2003-11-05,China
Larina,St. Quentin,lstquentind3@princeton.edu,1983-03-12,Egypt
Farica,Lindhe,flindhed4@geocities.jp,2002-04-22,Indonesia
Marven,Davidek,mdavidekd5@baidu.com,2015-09-19,Hungary
Catherin,Skeldon,cskeldond6@who.int,1999-03-19,Russia
Daile,Presnall,dpresnalld7@ca.gov,2011-05-25,Kazakhstan
Ashlee,Blaycock,ablaycockd8@unicef.org,1960-03-29,Argentina
Simone,Schwerin,sschwerind9@de.vu,1993-09-14,China
Bernete,Iacopo,biacopoda@google.it,1962-10-14,Ecuador
Naoma,Ace,nacedb@sitemeter.com,1955-08-19,Brazil
Charlot,Zucker,czuckerdc@earthlink.net,1961-08-24,Philippines
Lil,Tomasik,ltomasikdd@loc.gov,2009-12-02,China
Audra,Cheer,acheerde@clickbank.net,2003-05-28,Mexico
Jereme,Klauer,jklauerdf@woothemes.com,1993-11-20,Uruguay
Steffen,McAlpin,smcalpindg@example.com,1968-10-09,Indonesia
Tanhya,Hornig,thornigdh@de.vu,2001-06-09,Palestinian Territory
Maddie,Stammirs,mstammirsdi@t.co,1970-02-13,Russia
Angelia,Iacobo,aiacobodj@barnesandnoble.com,1970-01-13,Honduras
Martyn,Battrum,mbattrumdk@edublogs.org,2012-03-22,China
Artur,Bushrod,abushroddl@unesco.org,1966-01-24,Poland
Dewie,Werner,dwernerdm@cyberchimps.com,1993-05-06,South Africa
Adaline,Core,acoredn@ted.com,2008-03-21,Portugal
Bil,Plain,bplaindo@symantec.com,1985-12-09,Namibia
Hedvig,Brenneke,hbrennekedp@blinklist.com,1958-09-05,Brazil
Amity,Jewell,ajewelldq@amazon.co.jp,1986-02-17,Palestinian Territory
Robinetta,Lockhart,rlockhartdr@yellowbook.com,2018-01-01,Thailand
Krissy,Waren,kwarends@discovery.com,2001-04-15,Sweden
Bone,Parkes,bparkesdt@redcross.org,1976-12-06,France
Moritz,Simonot,msimonotdu@furl.net,1973-09-14,Sweden
Lemmy,Eslemont,leslemontdv@oracle.com,2001-10-18,China
Lodovico,Froome,lfroomedw@ning.com,1959-12-31,Morocco
Olwen,Charge,ochargedx@skyrock.com,1973-09-01,Indonesia
Ruthanne,Bewlay,rbewlaydy@so-net.ne.jp,2000-05-06,Sweden
Rianon,Roome,rroomedz@nytimes.com,1957-04-14,Ukraine
Claudine,Goodyer,cgoodyere0@fastcompany.com,2015-10-07,Poland
Jacynth,Clack,jclacke1@earthlink.net,1966-06-17,Brazil
Curran,Hales,chalese2@bravesites.com,2001-01-10,Sweden
Papageno,Stieger,pstiegere3@mac.com,1991-08-22,China
Lexine,Squires,lsquirese4@seesaa.net,1962-04-02,China
Truman,Goldsbury,tgoldsburye5@comcast.net,1963-11-28,Chile
Melanie,Spain-Gower,mspaingowere6@dedecms.com,1955-01-30,United States
Jemmie,Ferrari,jferrarie7@ifeng.com,2005-11-08,Ukraine
Frederigo,Fortnum,ffortnume8@boston.com,1965-09-30,Indonesia
Donalt,Escot,descote9@nih.gov,1999-12-13,Indonesia
Calida,Fowden,cfowdenea@sakura.ne.jp,1976-07-17,Japan
Jade,Lambswood,jlambswoodeb@uol.com.br,1970-12-10,Cameroon
Keslie,Schultheiss,kschultheissec@epa.gov,2009-03-06,United States
Krissy,Braunter,kbrauntered@bloglovin.com,1960-08-13,Brazil
Maudie,Steed,msteedee@dailymotion.com,2001-10-05,China
Sergeant,Smeeth,ssmeethef@unicef.org,1997-01-23,Philippines
Lauretta,Duberry,lduberryeg@unc.edu,2018-11-06,Indonesia
Dal,Guilford,dguilfordeh@google.ca,1994-10-07,Ukraine
Odette,Matysiak,omatysiakei@techcrunch.com,1988-01-13,Russia
Cordie,Alday,caldayej@usgs.gov,1982-03-19,Indonesia
Rochell,Speke,rspekeek@cyberchimps.com,1964-01-22,Indonesia
Maiga,Blagburn,mblagburnel@nhs.uk,1967-05-25,Norway
Kristofer,Wadwell,kwadwellem@exblog.jp,1994-05-13,Brazil
Othilie,Castiglioni,ocastiglionien@scientificamerican.com,1976-07-11,Indonesia
Alecia,Siggee,asiggeeeo@acquirethisname.com,1972-11-08,Philippines
Adela,Harriss,aharrissep@go.com,1969-10-06,China
Madalena,Velden,mveldeneq@mapquest.com,1962-03-09,China
Berkly,Coward,bcowarder@census.gov,1966-07-24,Japan
Annabella,Fishleigh,afishleighes@usa.gov,2017-06-08,Jordan
Aleksandr,Toffel,atoffelet@hp.com,1962-10-15,Sweden
Xaviera,Lobb,xlobbeu@seesaa.net,1975-06-14,Brazil
Annadiana,McLise,amcliseev@eventbrite.com,2008-05-21,China
Keane,Dominelli,kdominelliew@hubpages.com,1956-05-29,China
Jasper,Seller,jsellerex@goodreads.com,2009-06-28,Russia
Aimee,McGrey,amcgreyey@gizmodo.com,1966-11-01,Malaysia
Denny,Grime,dgrimeez@disqus.com,1971-05-15,Ireland
Fayth,Dodle,fdodlef0@51.la,1995-12-03,Mexico
Emilio,Coode,ecoodef1@wikipedia.org,2010-10-29,Iran
Stacy,Mc Comb,smccombf2@studiopress.com,1955-01-13,China
Abagael,Rettie,arettief3@bbc.co.uk,2001-02-17,Thailand
Phil,Graham,pgrahamf4@facebook.com,1959-12-31,Thailand
Jorry,Stanluck,jstanluckf5@ycombinator.com,2011-03-21,China
Daloris,McCart,dmccartf6@tamu.edu,1994-12-11,China
Vida,Roby,vrobyf7@booking.com,1964-12-26,Japan
Almeda,Paudin,apaudinf8@nasa.gov,1989-09-05,Russia
Hyacinthe,Hassan,hhassanf9@g.co,1973-07-09,Peru
Alejoa,Fosse,afossefa@chronoengine.com,1955-09-30,Indonesia
Antonio,Greene,agreenefb@diigo.com,1955-06-18,Peru
Will,Beaument,wbeaumentfc@woothemes.com,2007-10-24,Qatar
Marty,Lodin,mlodinfd@ed.gov,1977-03-20,France
Isidro,Van Son,ivansonfe@tripadvisor.com,2015-12-02,Indonesia
Manon,Chave,mchaveff@paginegialle.it,2002-03-17,Russia
Augusta,Aikenhead,aaikenheadfg@cbc.ca,1996-02-18,Czech Republic
Karlik,Philippault,kphilippaultfh@feedburner.com,1992-03-20,Philippines
Terrell,Lesor,tlesorfi@istockphoto.com,2019-03-19,Brazil
Ulises,Sellers,usellersfj@nature.com,2012-05-27,Brazil
Morlee,Powelee,mpoweleefk@usa.gov,1998-01-23,Poland
Melinda,Caso,mcasofl@w3.org,2014-06-08,China
Alexandr,Lowres,alowresfm@yandex.ru,2001-06-21,Canada
Farrand,Skydall,fskydallfn@liveinternet.ru,2009-12-03,Palestinian Territory
Farr,Laybourn,flaybournfo@ifeng.com,1996-03-11,Guatemala
Frederico,Mullaney,fmullaneyfp@storify.com,1976-02-22,Germany
Niels,Mapham,nmaphamfq@ucsd.edu,1967-09-10,China
Marrissa,Fraczek,mfraczekfr@mapy.cz,1986-03-05,Egypt
De,Ruos,druosfs@columbia.edu,1957-09-14,Russia
Marco,Ingreda,mingredaft@ameblo.jp,1968-07-24,Togo
Rebecka,Romain,rromainfu@xinhuanet.com,1965-03-02,Philippines
Carmelita,Southworth,csouthworthfv@edublogs.org,1961-09-23,China
Brana,Delves,bdelvesfw@sourceforge.net,1996-09-30,Argentina
Renaud,McCarly,rmccarlyfx@time.com,1959-06-07,China
Catrina,Iglesias,ciglesiasfy@bizjournals.com,1957-08-12,Ukraine
Gerick,Farrears,gfarrearsfz@rediff.com,2009-08-27,United States
Micki,Gairdner,mgairdnerg0@sogou.com,2017-09-18,China
Jennine,Stratton,jstrattong1@mapy.cz,2018-09-19,China
Lester,Baverstock,lbaverstockg2@yahoo.co.jp,1999-11-08,Bosnia and Herzegovina
Harmony,Seine,hseineg3@unblog.fr,1997-03-30,Russia
Cristy,Jakubovicz,cjakuboviczg4@slideshare.net,1998-07-19,Lithuania
Nikkie,Minifie,nminifieg5@soundcloud.com,2018-12-15,China
Berkie,Spiby,bspibyg6@cafepress.com,2018-04-27,Thailand
Sharai,Koop,skoopg7@shop-pro.jp,1959-09-18,Indonesia
Christoper,Simonazzi,csimonazzig8@nasa.gov,2017-06-23,Thailand
Teador,Phant,tphantg9@cloudflare.com,2001-12-29,Sweden
Wilbur,Lackemann,wlackemannga@rakuten.co.jp,2003-12-26,Japan
Sharona,Caddie,scaddiegb@columbia.edu,1974-05-12,Saudi Arabia
May,Todarello,mtodarellogc@japanpost.jp,1997-06-13,South Africa
Ronalda,Moscon,rmoscongd@wix.com,1970-11-24,Ireland
Antonetta,Soane,asoanege@quantcast.com,1975-12-19,Philippines
Virge,Cherrison,vcherrisongf@princeton.edu,1977-05-06,Indonesia
Wallache,Robichon,wrobichongg@smugmug.com,1972-12-22,Bolivia
Georgina,Caccavella,gcaccavellagh@wunderground.com,1997-06-04,Ukraine
Binny,MacGowing,bmacgowinggi@earthlink.net,2008-04-12,Japan
Siouxie,Deinhardt,sdeinhardtgj@cnet.com,1977-10-14,Papua New Guinea
Adel,Surgeoner,asurgeonergk@goodreads.com,1957-10-20,Poland
Melita,Goadsby,mgoadsbygl@yahoo.com,2013-03-30,China
Ola,Georg,ogeorggm@bigcartel.com,2015-12-04,China
Hermy,Suttaby,hsuttabygn@google.it,1996-03-11,Indonesia
Odilia,Chrestien,ochrestiengo@wsj.com,2009-07-11,Saudi Arabia
Elane,Blaszczak,eblaszczakgp@hexun.com,1968-07-11,Sweden
Melisent,Enoksson,menokssongq@homestead.com,1962-02-17,Nigeria
Leta,Harryman,lharrymangr@sfgate.com,1987-08-21,Indonesia
Hymie,McGarry,hmcgarrygs@geocities.jp,1991-06-29,China
Irwinn,Mailey,imaileygt@theatlantic.com,2011-03-10,Serbia
Jefferson,Linder,jlindergu@netvibes.com,2007-10-17,Croatia
Erhard,Crus,ecrusgv@mapquest.com,2002-04-28,France
Vite,Meddemmen,vmeddemmengw@odnoklassniki.ru,1968-04-04,France
Alberik,Giroldo,agiroldogx@delicious.com,1995-04-07,China
Otis,MacAiline,omacailinegy@sphinn.com,1958-02-03,Brazil
Hoebart,Lammert,hlammertgz@cyberchimps.com,1991-05-25,Spain
Cirilo,Culshaw,cculshawh0@netscape.com,2002-10-05,Vietnam
Rhianon,Farish,rfarishh1@reddit.com,1965-11-09,Indonesia
Kare,Gainsbury,kgainsburyh2@canalblog.com,1965-02-23,Japan
Lucky,Dingsdale,ldingsdaleh3@china.com.cn,2013-01-29,Indonesia
Fields,Fasler,ffaslerh4@foxnews.com,2006-08-02,Czech Republic
Boigie,Rosoni,brosonih5@technorati.com,2007-01-13,China
Lilith,Treske,ltreskeh6@parallels.com,1980-03-19,Czech Republic
Marlyn,Rosenbush,mrosenbushh7@smh.com.au,1960-11-24,Iraq
Carolee,Thackwray,cthackwrayh8@dot.gov,1955-11-05,Thailand
Chic,Braemer,cbraemerh9@uiuc.edu,1994-09-05,Mongolia
Doralia,Varley,dvarleyha@usnews.com,1986-03-05,Poland
Boycey,Duell,bduellhb@hao123.com,1975-10-06,Bangladesh
Sherwood,Clemitt,sclemitthc@whitehouse.gov,1974-02-09,Russia
Joye,Tallis,jtallishd@chronoengine.com,1956-10-12,Sri Lanka
Jeannette,Sieve,jsievehe@cornell.edu,1996-06-10,Poland
Lesley,Ahmed,lahmedhf@howstuffworks.com,1989-02-24,China
Dot,Swapp,dswapphg@cyberchimps.com,1996-03-25,China
Adora,Blinco,ablincohh@rambler.ru,1958-06-11,Chile
Ermina,Baigent,ebaigenthi@uiuc.edu,2012-07-11,France
Artus,Logsdale,alogsdalehj@ihg.com,1968-08-28,Indonesia
Liva,Garatty,lgarattyhk@gov.uk,2014-09-09,China
Nikos,Bartlet,nbartlethl@ustream.tv,2008-12-12,Poland
Hope,Grichukhin,hgrichukhinhm@springer.com,2001-02-09,Brazil
Susana,Elsop,selsophn@salon.com,1983-01-27,East Timor
Lissa,MacAlister,lmacalisterho@eventbrite.com,2019-08-02,China
Durand,Roust,drousthp@themeforest.net,1963-02-18,Portugal
Natalie,Gilardone,ngilardonehq@google.ru,2014-05-27,China
Rora,Plaunch,rplaunchhr@oracle.com,1978-02-11,Mexico
Alaric,Lucks,aluckshs@ycombinator.com,1982-08-07,Indonesia
Merell,Danelet,mdaneletht@amazon.co.uk,1966-04-06,Czech Republic
Hilarius,Heugle,hheuglehu@hhs.gov,1988-01-05,Indonesia
Maryellen,Walicki,mwalickihv@bluehost.com,1988-11-07,Argentina
Nollie,Rosenberg,nrosenberghw@slideshare.net,1955-01-20,Greece
Rusty,Boydon,rboydonhx@dyndns.org,1977-10-04,Philippines
Guillaume,Peschmann,gpeschmannhy@craigslist.org,1955-08-19,Lithuania
Alyse,Bellefonte,abellefontehz@netvibes.com,1996-09-16,Iran
Dina,MacCarroll,dmaccarrolli0@multiply.com,1975-10-31,Indonesia
Larissa,Furphy,lfurphyi1@blogs.com,1991-11-16,China
Erin,Blandford,eblandfordi2@amazon.com,1958-11-28,Sweden
Gelya,Balharrie,gbalharriei3@who.int,1964-11-06,Israel
Rudolph,Perford,rperfordi4@statcounter.com,1971-09-03,Indonesia
Anabel,Ripsher,aripsheri5@flickr.com,1972-02-26,Thailand
Clarance,Giscken,cgisckeni6@simplemachines.org,1976-06-16,Tunisia
Parrnell,Scamel,pscameli7@mit.edu,1959-10-07,Guatemala
Alfred,Huddleston,ahuddlestoni8@theglobeandmail.com,2000-12-05,Mauritius
Maridel,Geistmann,mgeistmanni9@deviantart.com,1989-05-06,United States
Kev,Wornum,kwornumia@goo.ne.jp,1983-04-29,France
Debbie,Wood,dwoodib@zimbio.com,2016-06-26,Indonesia
Ardra,Scrinage,ascrinageic@google.nl,1995-05-08,Ukraine
Nichol,Cavanagh,ncavanaghid@java.com,2010-06-07,Indonesia
Sybille,Cathrae,scathraeie@illinois.edu,1992-04-11,Azerbaijan
Aindrea,Luther,alutherif@bigcartel.com,1955-10-21,Philippines
Horacio,Joiris,hjoirisig@stumbleupon.com,1999-08-02,France
Ravid,Lewty,rlewtyih@mapquest.com,1971-12-08,Russia
Sher,Heavy,sheavyii@springer.com,2004-05-03,Malaysia
Heidie,Mont,hmontij@nih.gov,1992-10-07,China
Mauricio,Jochen,mjochenik@walmart.com,1961-09-03,China
Estella,Brydon,ebrydonil@who.int,2000-12-04,Sweden
Artemas,Maulin,amaulinim@businesswire.com,1994-08-21,Bahamas
Murray,Rushmare,mrushmarein@sogou.com,2003-04-03,China
Odella,Mattisson,omattissonio@japanpost.jp,2008-03-31,Brazil
Boonie,Wild,bwildip@yahoo.com,1959-06-10,Brazil
Harrison,Oakeshott,hoakeshottiq@craigslist.org,2009-04-05,Peru
Fallon,Breslau,fbreslauir@gov.uk,2010-08-03,Armenia
Whitaker,Mackerel,wmackerelis@sina.com.cn,1973-06-28,Philippines
Gerrie,Patrono,gpatronoit@si.edu,2008-11-28,France
Benedicta,Woolerton,bwoolertoniu@topsy.com,1982-10-16,Indonesia
Jonell,Rawlins,jrawlinsiv@independent.co.uk,1987-11-15,China
Yalonda,Baptista,ybaptistaiw@amazon.co.uk,1990-12-20,China
Essa,Tomaszewski,etomaszewskiix@hhs.gov,1973-05-27,Indonesia
Aurea,Gumbley,agumbleyiy@facebook.com,1973-07-10,Croatia
Germain,Wrates,gwratesiz@businessinsider.com,1973-02-17,China
Sibilla,Sprules,ssprulesj0@taobao.com,1977-07-09,Greece
Mendie,Ball,mballj1@prlog.org,1959-11-09,China
Julius,Sibbson,jsibbsonj2@gizmodo.com,2017-03-25,Kenya
Phillipe,MacShane,pmacshanej3@nih.gov,2004-03-09,China
Gaile,Goom,ggoomj4@artisteer.com,1962-02-24,China
Marion,Eefting,meeftingj5@dot.gov,2006-10-15,Philippines
Matthiew,Ryland,mrylandj6@reddit.com,1982-08-20,China
Valerye,Jonson,vjonsonj7@opensource.org,1965-02-27,Philippines
Larina,Beche,lbechej8@sogou.com,2000-06-19,Poland
Vilhelmina,Kinsell,vkinsellj9@flickr.com,1994-09-21,Philippines
Dorie,Bagehot,dbagehotja@zdnet.com,2016-04-21,Afghanistan
Rick,Theuff,rtheuffjb@google.it,1975-07-25,United States
Jereme,Bloan,jbloanjc@cmu.edu,1966-04-17,China
Giovanna,Butters,gbuttersjd@amazon.co.jp,1967-03-05,Vietnam
Gaynor,Ure,gureje@fc2.com,1996-03-25,Palestinian Territory
Marlo,Beards,mbeardsjf@issuu.com,1960-02-14,Haiti
Berta,Jahnel,bjahneljg@dmoz.org,2000-12-20,China
Madelena,Kivelle,mkivellejh@businessinsider.com,2012-06-05,Mexico
Anabelle,Greensmith,agreensmithji@nba.com,1957-11-21,Armenia
Suki,Loade,sloadejj@chronoengine.com,1997-07-18,Brazil
Ty,Wither,twitherjk@cpanel.net,2001-12-13,South Africa
Winn,Casa,wcasajl@ebay.co.uk,2003-01-11,Czech Republic
Pascal,Mindenhall,pmindenhalljm@networksolutions.com,2019-01-13,China
Judi,Germann,jgermannjn@nsw.gov.au,1982-08-20,France
Scarface,Greenshiels,sgreenshielsjo@edublogs.org,1984-03-18,Philippines
Kathlin,Andric,kandricjp@seattletimes.com,1961-09-28,Ukraine
Dalia,Glaserman,dglasermanjq@google.com.hk,1978-06-15,Brazil
Charleen,Itzchaky,citzchakyjr@nps.gov,1958-09-22,Russia
Dominica,Gregore,dgregorejs@sbwire.com,1966-09-22,China
Allayne,Beadnell,abeadnelljt@alexa.com,1975-01-29,South Korea
Frederic,O'Shesnan,foshesnanju@rambler.ru,2012-05-23,China
Herminia,Corbett,hcorbettjv@sakura.ne.jp,1965-06-21,China
Lynnell,Rosita,lrositajw@bbc.co.uk,1997-05-05,Poland
Serena,Calcut,scalcutjx@360.cn,1960-07-31,Tunisia
Shurwood,Derrick,sderrickjy@google.nl,1998-08-23,Philippines
Hope,Eversley,heversleyjz@hugedomains.com,1972-05-21,Japan
Ike,Brum,ibrumk0@ezinearticles.com,1975-05-14,Russia
Minnaminnie,Creed,mcreedk1@abc.net.au,1962-09-18,China
Aloise,MacElroy,amacelroyk2@pen.io,1962-11-23,North Korea
Cyril,Breitler,cbreitlerk3@fc2.com,1972-11-14,France
Rollins,Skellern,rskellernk4@ca.gov,2005-08-01,China
Rhodie,Bramford,rbramfordk5@tinyurl.com,1996-12-16,Brazil
Benedict,Wenzel,bwenzelk6@ameblo.jp,1985-04-09,Indonesia
Sheila-kathryn,Downing,sdowningk7@eventbrite.com,1987-07-27,China
Noella,Finker,nfinkerk8@themeforest.net,1992-08-06,China
Gardy,Raft,graftk9@t-online.de,2008-12-05,China
Ivan,Berkeley,iberkeleyka@utexas.edu,2004-12-01,Germany
Alfie,Sturton,asturtonkb@nsw.gov.au,1970-04-14,China
Masha,Burgwin,mburgwinkc@barnesandnoble.com,1981-12-31,China
Katine,Bullas,kbullaskd@cnet.com,1981-01-13,Indonesia
Anne-corinne,Rand,arandke@360.cn,2015-05-13,Indonesia
Buck,Denham,bdenhamkf@google.co.uk,2018-07-02,United States
Keith,Runciman,kruncimankg@dailymotion.com,1971-09-04,Belarus
Humfrid,Rawlyns,hrawlynskh@netlog.com,1967-08-13,Australia
Hunter,Mastrantone,hmastrantoneki@quantcast.com,1986-05-14,China
Talya,Dilloway,tdillowaykj@vkontakte.ru,1968-04-29,Canada
Almira,Crosi,acrosikk@trellian.com,2000-07-20,Russia
Dionis,Mixture,dmixturekl@prlog.org,1984-05-13,South Korea
Barry,Cossington,bcossingtonkm@wikipedia.org,2013-11-13,Philippines
Nancy,Hinstock,nhinstockkn@meetup.com,2009-06-10,Philippines
Edsel,Berndtsson,eberndtssonko@purevolume.com,2018-06-07,China
Concettina,Burnip,cburnipkp@t.co,1970-08-09,Indonesia
Quent,Scud,qscudkq@freewebs.com,2014-07-16,Chile
Kristian,Flello,kflellokr@icio.us,1957-07-18,China
Herman,Hebbron,hhebbronks@state.gov,1999-06-05,China
Nicoline,Vernalls,nvernallskt@istockphoto.com,2017-01-09,South Africa
Fulton,Amy,famyku@google.com.br,1992-10-08,Dominican Republic
Maressa,Andresser,mandresserkv@state.gov,1993-01-03,China
Clerkclaude,Odda,coddakw@over-blog.com,1993-10-03,Mexico
Lyon,Lammerich,llammerichkx@alexa.com,1997-09-29,Uzbekistan
Merilyn,Snaden,msnadenky@dailymail.co.uk,2004-12-26,Japan
Ricard,Dennett,rdennettkz@constantcontact.com,1970-07-17,Serbia
Sheilah,Hannis,shannisl0@mozilla.org,2009-11-09,Portugal
Rouvin,Simonyi,rsimonyil1@sphinn.com,2005-07-08,Indonesia
Horace,Jest,hjestl2@goodreads.com,1978-07-04,China
Carita,Huddles,chuddlesl3@noaa.gov,1964-06-09,Russia
Candie,Nineham,cninehaml4@lycos.com,1974-04-25,China
Murray,Bearman,mbearmanl5@bluehost.com,2006-11-17,China
Mal,Kemmons,mkemmonsl6@comcast.net,1999-02-27,Australia
Afton,Moule,amoulel7@comcast.net,1995-05-20,Philippines
Anastasia,Orchard,aorchardl8@cbslocal.com,2012-06-08,Albania
Binni,Blackney,bblackneyl9@digg.com,2003-09-22,France
Wynny,Sayward,wsaywardla@seattletimes.com,1972-10-17,Mongolia
Dotty,Brunesco,dbrunescolb@columbia.edu,1992-07-27,Serbia
Rurik,Dodd,rdoddlc@independent.co.uk,1989-12-27,Russia
Jere,Iorizzi,jiorizzild@time.com,1971-01-28,Netherlands
Burr,Puckett,bpuckettle@list-manage.com,1965-03-02,Afghanistan
Halley,Dobrovolny,hdobrovolnylf@tuttocitta.it,2017-11-13,Indonesia
Hamlen,Kemp,hkemplg@weibo.com,2010-04-18,China
Davidde,Figura,dfiguralh@edublogs.org,1958-05-28,Portugal
Arleta,Kirwood,akirwoodli@alexa.com,1958-01-29,Ukraine
Eddie,Baroche,ebarochelj@nba.com,1981-01-01,Indonesia
Taber,Peeke,tpeekelk@unblog.fr,1983-04-13,China
Alisa,Beetlestone,abeetlestonell@samsung.com,1994-04-12,Bosnia and Herzegovina
Garrett,Dennison,gdennisonlm@t.co,1979-06-17,Switzerland
Maxie,Kalinsky,mkalinskyln@github.com,1973-08-17,Nicaragua
Dur,Haquard,dhaquardlo@i2i.jp,2000-02-05,Philippines
Basilius,Janney,bjanneylp@answers.com,2016-04-01,France
Griz,Senechault,gsenechaultlq@phpbb.com,1960-11-05,Haiti
Audrey,Annakin,aannakinlr@squidoo.com,1994-11-12,Philippines
Alexina,Rabat,arabatls@noaa.gov,1979-03-07,Nicaragua
Bunnie,Jahns,bjahnslt@salon.com,1957-06-21,Saudi Arabia
Ofella,Strotone,ostrotonelu@pagesperso-orange.fr,1964-02-16,Indonesia
Benedict,Titcumb,btitcumblv@cmu.edu,1957-11-25,Thailand
Korrie,Furst,kfurstlw@blogger.com,2007-10-23,Nicaragua
Chrisy,Gill,cgilllx@google.es,2015-12-24,Russia
Uri,Jentzsch,ujentzschly@moonfruit.com,2012-11-20,Honduras
Jonathon,Elener,jelenerlz@paginegialle.it,2013-05-22,Indonesia
Brigit,Giacomazzo,bgiacomazzom0@reuters.com,1957-02-27,China
Karly,Schwander,kschwanderm1@gizmodo.com,1978-04-02,Poland
Ario,Chasmoor,achasmoorm2@booking.com,1977-02-17,Cameroon
Archibold,Polin,apolinm3@ask.com,1957-08-10,Philippines
Rochette,Follitt,rfollittm4@vistaprint.com,2010-06-16,China
Rhodia,Gregorin,rgregorinm5@ocn.ne.jp,1979-12-02,China
Genna,Badam,gbadamm6@nps.gov,1998-05-24,Indonesia
Kerwinn,Marcum,kmarcumm7@cdbaby.com,1959-05-19,China
Lynea,Balshaw,lbalshawm8@twitter.com,1964-05-04,Indonesia
Trev,Kyndred,tkyndredm9@who.int,2004-03-24,Philippines
Berny,Priestman,bpriestmanma@umn.edu,1976-05-24,Portugal
Leonidas,Menzies,lmenziesmb@yellowbook.com,1973-01-30,Germany
Bartlett,Whalebelly,bwhalebellymc@merriam-webster.com,1972-09-18,Indonesia
Ellery,Brocklebank,ebrocklebankmd@wufoo.com,1961-08-28,Ireland
Bernette,Bicksteth,bbickstethme@oaic.gov.au,1956-07-21,France
Austina,Doorbar,adoorbarmf@jiathis.com,2003-08-07,Costa Rica
Betti,Golsworthy,bgolsworthymg@utexas.edu,2016-07-11,France
Martie,Reyson,mreysonmh@smugmug.com,1979-12-04,China
Emelina,Symper,esympermi@cocolog-nifty.com,1978-07-26,South Korea
Sela,Housbie,shousbiemj@theglobeandmail.com,1962-09-13,Serbia
Mendy,Wince,mwincemk@addtoany.com,1986-04-27,China
Terri,Gronw,tgronwml@examiner.com,1981-05-12,Poland
Katuscha,Brownscombe,kbrownscombemm@xinhuanet.com,1968-10-03,Cambodia
Pierre,Behrens,pbehrensmn@google.it,1974-06-12,Canada
Lucille,Nan Carrow,lnancarrowmo@unc.edu,1975-06-05,Bolivia
West,Braund,wbraundmp@macromedia.com,2011-10-13,Portugal
Geoff,Branwhite,gbranwhitemq@edublogs.org,1991-01-18,Indonesia
Borg,McGrah,bmcgrahmr@about.com,1966-11-12,China
Frans,Bloxam,fbloxamms@bluehost.com,2007-04-08,China
Erin,Alfonsini,ealfonsinimt@pen.io,2011-01-10,China
Ernestine,Windmill,ewindmillmu@nba.com,1988-08-20,China
Chevalier,Dugget,cduggetmv@timesonline.co.uk,1974-11-27,Canada
Garrard,Probet,gprobetmw@fda.gov,1993-01-22,Indonesia
Carmine,Letterick,cletterickmx@php.net,1988-01-30,Russia
Myron,Bartholomew,mbartholomewmy@dmoz.org,2019-06-06,Portugal
Neely,Aitken,naitkenmz@tamu.edu,1983-12-29,Czech Republic
Adria,Wyrall,awyralln0@cargocollective.com,1993-07-24,Russia
Giff,Kelland,gkellandn1@youtu.be,1982-07-29,Colombia
Andy,Mercer,amercern2@furl.net,2013-04-02,Russia
Shelby,Strut,sstrutn3@vistaprint.com,1983-07-19,Colombia
Carlie,Lammertz,clammertzn4@skype.com,1977-03-15,Argentina
Raimondo,Battams,rbattamsn5@economist.com,1992-10-23,Greece
Nolie,Fain,nfainn6@discovery.com,1980-12-23,Brazil
Evin,O'Dennehy,eodennehyn7@pcworld.com,1997-02-07,China
Tessa,Celloni,tcellonin8@jimdo.com,2004-06-01,Sweden
Neale,Costell,ncostelln9@zimbio.com,2006-08-19,China
Cayla,Gashion,cgashionna@e-recht24.de,1955-05-23,Ukraine
Broddy,Nolleth,bnollethnb@dailymotion.com,1974-02-19,Brazil
Theodor,Morritt,tmorrittnc@shop-pro.jp,2004-04-30,Belgium
Jessee,Wildish,jwildishnd@technorati.com,1997-04-08,Colombia
Nolana,Rikkard,nrikkardne@rakuten.co.jp,2015-03-19,Finland
Chilton,Capron,ccapronnf@squarespace.com,1967-01-30,Russia
Tamara,Albertson,talbertsonng@multiply.com,1979-05-25,Czech Republic
Janek,Cobbin,jcobbinnh@yelp.com,1956-06-29,Japan
Ase,Scogings,ascogingsni@latimes.com,2019-03-06,Western Sahara
Trudi,Humbey,thumbeynj@hc360.com,1957-01-18,China
Cole,Lindup,clindupnk@dailymail.co.uk,1957-01-12,Colombia
Cam,Sarfati,csarfatinl@linkedin.com,1988-01-23,Tanzania
Eberto,Kirimaa,ekirimaanm@bandcamp.com,1985-12-15,China
Xenia,Demelt,xdemeltnn@nasa.gov,2008-08-30,Sweden
Grier,O'Shea,gosheano@usatoday.com,1985-12-13,Philippines
Budd,Gorch,bgorchnp@google.it,2008-08-24,Pakistan
Anastassia,McNickle,amcnicklenq@ihg.com,2003-07-19,Iran
Hillier,Giannasi,hgiannasinr@fastcompany.com,1986-05-27,Vietnam
Harper,Allchorn,hallchornns@ebay.co.uk,1976-07-03,Russia
Feliza,Challender,fchallendernt@networksolutions.com,1979-02-12,United Arab Emirates
Darci,Deplacido,ddeplacidonu@xrea.com,2007-01-17,Czech Republic
Shandra,Scamel,sscamelnv@uiuc.edu,1972-10-27,Indonesia
Cara,Aldington,caldingtonnw@mediafire.com,1993-12-18,China
Portie,Widdup,pwiddupnx@wsj.com,2005-08-22,Indonesia
Yalonda,Zanelli,yzanelliny@sbwire.com,1981-02-11,China
Winifred,Croney,wcroneynz@cnet.com,1981-08-21,Venezuela
Clair,Elmes,celmeso0@tinyurl.com,2011-05-26,Russia
Janessa,Vincent,jvincento1@last.fm,1968-12-29,Dominican Republic
Kiel,MacCarlich,kmaccarlicho2@skyrock.com,1977-01-12,Poland
Nesta,Chinnock,nchinnocko3@unc.edu,1991-03-01,United States
Lina,Key,lkeyo4@ft.com,2014-12-14,Philippines
Raquela,Van Driel,rvandrielo5@pinterest.com,1967-09-05,Russia
Earle,Palser,epalsero6@tripod.com,1955-06-01,Brazil
Gayleen,McKeag,gmckeago7@sun.com,1961-10-21,Indonesia
Arvin,Farans,afaranso8@unicef.org,1964-09-23,Poland
Dion,Tomblin,dtomblino9@tripod.com,1998-08-13,Nigeria
Cindy,Vakhrushin,cvakhrushinoa@marriott.com,1996-12-15,Poland
Adams,Emby,aembyob@xrea.com,1961-03-21,Marshall Islands
Mahalia,Putman,mputmanoc@flavors.me,2003-09-04,Sweden
Zsazsa,Joreau,zjoreauod@seattletimes.com,1999-11-15,Philippines
Julissa,Screeton,jscreetonoe@github.io,2017-11-13,Ukraine
Zara,Cottill,zcottillof@mozilla.com,1969-12-19,Tajikistan
Evangeline,Button,ebuttonog@europa.eu,2000-05-09,Philippines
Regina,Gonnely,rgonnelyoh@house.gov,2008-10-24,Lithuania
Gilly,Lonsbrough,glonsbroughoi@prnewswire.com,1998-04-10,China
Webster,Doerren,wdoerrenoj@harvard.edu,2007-09-07,Portugal
Hedwiga,Paradise,hparadiseok@altervista.org,1987-04-28,Sweden
Luella,Birkin,lbirkinol@google.com.br,1991-07-23,Indonesia
Alexia,Paslow,apaslowom@issuu.com,2000-07-15,United States
Klara,Staniland,kstanilandon@ft.com,1979-11-01,Czech Republic
Hilario,Albarez,halbarezoo@wikimedia.org,2005-12-27,Yemen
Luca,Giaomozzo,lgiaomozzoop@jalbum.net,2006-02-03,Mozambique
Rois,Perschke,rperschkeoq@mayoclinic.com,2017-05-09,Sweden
Lenee,Scotney,lscotneyor@google.nl,2001-08-09,Mongolia
Bonnie,Darch,bdarchos@abc.net.au,1965-08-26,United States
Karlotte,Castagnier,kcastagnierot@shareasale.com,2013-08-20,China
Nat,Dils,ndilsou@booking.com,1987-06-25,China
Jeanine,Pawel,jpawelov@vinaora.com,1985-01-08,China
Pauly,Schrir,pschrirow@theglobeandmail.com,1972-03-30,Aland Islands
Sheppard,Hebbron,shebbronox@businesswire.com,2010-04-20,Uzbekistan
Blondell,Hanington,bhaningtonoy@miitbeian.gov.cn,2000-09-05,Sweden
Marlyn,Bexley,mbexleyoz@ifeng.com,1987-01-14,Comoros
Shela,Eagan,seaganp0@issuu.com,1999-02-22,China
Burl,Kirimaa,bkirimaap1@adobe.com,1961-09-08,Ivory Coast
Sutton,Bonsul,sbonsulp2@hatena.ne.jp,1984-02-04,Liberia
Brad,Tune,btunep3@usatoday.com,1976-11-11,Canada
Derril,Thynne,dthynnep4@plala.or.jp,1989-08-17,Russia
Sonnie,Cogdon,scogdonp5@vkontakte.ru,1997-06-22,China
Spense,Barrus,sbarrusp6@studiopress.com,1967-07-06,Brazil
Dale,Malitrott,dmalitrottp7@sohu.com,1962-01-18,Kenya
Kyla,Luckey,kluckeyp8@fotki.com,1999-07-31,Poland
Kerry,Sasser,ksasserp9@harvard.edu,1961-11-09,Sweden
Henryetta,Grelik,hgrelikpa@nsw.gov.au,1963-05-22,China
Nanni,Sauniere,nsaunierepb@twitpic.com,2001-07-14,Russia
Caldwell,Coxall,ccoxallpc@redcross.org,2015-06-23,Indonesia
Amber,Judgkins,ajudgkinspd@alibaba.com,1976-01-03,France
Priscella,Ashmole,pashmolepe@wunderground.com,1968-08-04,Ukraine
Andra,Klinck,aklinckpf@ucoz.com,2004-04-17,China
Kameko,Thominga,kthomingapg@mtv.com,1976-04-15,China
Vincents,Gollard,vgollardph@google.de,1999-06-11,China
Zsa zsa,Wison,zwisonpi@sphinn.com,1971-09-27,Indonesia
Grady,Hutchason,ghutchasonpj@cdc.gov,1972-12-25,Indonesia
Adella,Coleson,acolesonpk@mozilla.com,1987-04-19,Peru
Zechariah,Aingel,zaingelpl@nba.com,1960-02-02,Indonesia
Tadeo,MacMarcuis,tmacmarcuispm@mayoclinic.com,1978-03-03,Sweden
Jacquie,Offer,jofferpn@skyrock.com,1964-11-17,Poland
Grazia,Tift,gtiftpo@barnesandnoble.com,2010-03-20,New Zealand
Whit,Tibbotts,wtibbottspp@dmoz.org,2016-02-20,China
Querida,Greenlees,qgreenleespq@utexas.edu,1995-09-08,China
Cindee,Peacocke,cpeacockepr@nydailynews.com,1998-01-22,Antigua and Barbuda
Hadley,Calbreath,hcalbreathps@studiopress.com,1971-04-14,United States
Eddy,Keary,ekearypt@mail.ru,2012-11-19,Gambia
Mariya,Gritskov,mgritskovpu@dagondesign.com,2016-04-20,Greece
Kamila,Brittles,kbrittlespv@wired.com,1970-07-20,Japan
Isador,Haeslier,ihaeslierpw@privacy.gov.au,2017-10-08,Martinique
Berte,Glaum,bglaumpx@intel.com,2019-06-25,Germany
Emelita,Drewell,edrewellpy@clickbank.net,1955-05-10,China
Marris,Raspin,mraspinpz@skyrock.com,2015-08-07,China
Guido,Hallifax,ghallifaxq0@macromedia.com,1996-09-25,Cuba
Matthus,Van Arsdall,mvanarsdallq1@businessinsider.com,1990-12-12,Cambodia
Bil,Keenlyside,bkeenlysideq2@webmd.com,2013-06-26,China
Ellswerth,Vermer,evermerq3@mysql.com,1963-10-06,China
Elmo,Sonier,esonierq4@forbes.com,1961-01-17,China
Anastasia,Iffe,aiffeq5@statcounter.com,1966-06-06,Israel
Amalee,McAlister,amcalisterq6@mayoclinic.com,1972-03-27,Lithuania
Yanaton,Boddymead,yboddymeadq7@cbsnews.com,1989-06-11,Portugal
Marty,Wealthall,mwealthallq8@comcast.net,1999-11-18,Portugal
Sully,Culp,sculpq9@addthis.com,2005-01-22,Indonesia
Ardyce,Liddy,aliddyqa@telegraph.co.uk,1998-10-20,China
Pattie,Enrich,penrichqb@ftc.gov,1970-07-09,China
Adey,Hyland,ahylandqc@examiner.com,1969-01-01,Niger
Beatrix,Killgus,bkillgusqd@nba.com,2004-11-21,Sweden
Henrieta,Jobin,hjobinqe@alexa.com,1989-11-23,Azerbaijan
Fergus,Engledow,fengledowqf@illinois.edu,2008-01-09,China
Heloise,Giveen,hgiveenqg@ebay.co.uk,1972-04-23,Ukraine
Dorine,Laver,dlaverqh@mozilla.com,1993-02-17,Denmark
Thekla,Clifton,tcliftonqi@desdev.cn,1976-05-25,Indonesia
Sarette,McGlone,smcgloneqj@cloudflare.com,2001-07-24,China
Lianne,Jachimiak,ljachimiakqk@usatoday.com,1988-07-12,China
Kathleen,Ferschke,kferschkeql@myspace.com,1982-12-30,Nigeria
Burk,Rattrie,brattrieqm@squarespace.com,1975-10-31,Indonesia
Rosalynd,Drinkeld,rdrinkeldqn@smugmug.com,2010-09-06,South Africa
Culley,Braisted,cbraistedqo@feedburner.com,1990-11-12,Russia
Valma,Normavill,vnormavillqp@facebook.com,1992-06-22,Poland
Karilynn,Haresnaip,kharesnaipqq@google.es,2016-06-17,Sweden
Adolphus,Benedetti,abenedettiqr@tamu.edu,2012-10-21,Philippines
Palmer,Maffucci,pmaffucciqs@smh.com.au,1960-08-11,Japan
Blondell,Bessett,bbessettqt@vimeo.com,2017-10-01,Indonesia
Moyna,Lockless,mlocklessqu@jigsy.com,1977-01-06,Mexico
Lindsay,Perryman,lperrymanqv@howstuffworks.com,1976-10-12,Indonesia
Emery,Niave,eniaveqw@wix.com,1960-07-28,United States
Timmy,Lavallin,tlavallinqx@about.me,2002-02-27,France
Margit,Caveill,mcaveillqy@samsung.com,1958-06-14,Portugal
Olivero,Gallihawk,ogallihawkqz@guardian.co.uk,1967-06-21,Lebanon
Sashenka,Le Pine,slepiner0@ox.ac.uk,2011-10-10,China
Sid,Castleton,scastletonr1@home.pl,1960-04-27,United States
Rivkah,Paulusch,rpauluschr2@typepad.com,1977-08-14,China
Chiquita,Menego,cmenegor3@npr.org,2006-08-05,Sweden
Siffre,Osmund,sosmundr4@si.edu,2005-09-18,China
Marion,Petracco,mpetraccor5@dion.ne.jp,1977-04-24,China
Sianna,Jirus,sjirusr6@infoseek.co.jp,1995-05-06,Indonesia
Ricky,Cato,rcator7@stanford.edu,1989-11-17,Cameroon
Terza,Grigson,tgrigsonr8@huffingtonpost.com,1957-07-13,United States
Therese,Hansill,thansillr9@wp.com,1982-06-05,Canada
Adriena,Inett,ainettra@homestead.com,2016-12-23,Poland
Hildagard,Ebenezer,hebenezerrb@howstuffworks.com,1993-08-05,Germany
Consuelo,Tatlow,ctatlowrc@loc.gov,1981-01-01,France
Maighdiln,Crosskell,mcrosskellrd@sphinn.com,2004-05-19,France
Marleen,Sergant,msergantre@auda.org.au,1960-08-28,Poland
Helenelizabeth,Lindeman,hlindemanrf@ebay.co.uk,2010-02-18,Indonesia
Meredeth,Beaston,mbeastonrg@mashable.com,1967-03-11,Poland
Stearne,Gilhoolie,sgilhoolierh@cisco.com,2003-08-29,China
Bernetta,Michal,bmichalri@ftc.gov,1955-10-24,Philippines
Dixie,Chaperling,dchaperlingrj@npr.org,1995-09-30,Ukraine
Clemmie,Jaggli,cjagglirk@facebook.com,2002-10-26,Iran
Trstram,Baudacci,tbaudaccirl@xing.com,1972-07-06,Bulgaria
Ula,Mulvaney,umulvaneyrm@163.com,2005-05-13,Libya
Lew,Cornfoot,lcornfootrn@skyrock.com,1955-08-07,Finland
Franklin,Batie,fbatiero@mediafire.com,1964-01-07,Japan
Clarinda,Oxterby,coxterbyrp@youtu.be,1979-02-15,Yemen
Fanny,Cuttings,fcuttingsrq@harvard.edu,2017-08-14,Canada
Loraine,Velasquez,lvelasquezrr@ed.gov,2011-02-06,China
